url,url_length,hostname_length,path_length,query_length,domain_length,subdomain_length,tld_length,count_dot,count_hyphen,count_underline,count_slash,count_question,count_equal,count_at,count_and,count_exclamation,count_space,count_tilde,count_comma,count_plus,count_asterisk,count_hashtag,count_dollar,count_percent,count_digits,count_letters,count_special_chars,count_encoded_chars,count_subdomains,count_path_levels,count_query_params,has_ip_address,has_https,has_suspicious_tld,is_shortened,has_at_symbol,has_double_slash_in_path,has_sensitive_words,has_hex_encoding,has_port_in_url,has_query,has_fragment,ratio_digits_url,ratio_letters_url,ratio_special_chars_url,ratio_digits_hostname,ratio_digits_path,ratio_digits_query,entropy_url,entropy_hostname,entropy_path,entropy_query,entropy_domain,num_path_tokens,avg_path_token_length,max_path_token_length,num_domain_tokens,avg_domain_token_length,max_domain_token_length,num_hostname_tokens,avg_hostname_token_length,max_hostname_token_length,first_digit_index,first_letter_index,first_slash_index,last_slash_index,first_dot_index,last_dot_index
https://www.hyderabadonline.in,30,22,0,0,15,3,2,2,0,0,2,0,0,0,0,0,0,0,0,0,0,0,0,0,0,25,5,0,1,0,0,0,1,0,0,0,0,0,0,0,0,0,0.0,0.8333333333333334,0.16666666666666666,0.0,0.0,0.0,4.056564762130954,3.572623663895164,0.0,0.0,3.373557262275185,0,0,0,1,15.0,15,3,6.666666666666667,15,-1,0,6,7,11,27
https://www.nerdscandy.com,26,18,0,0,10,3,3,2,0,0,2,0,0,0,0,0,0,0,0,0,0,0,0,0,0,21,5,0,1,0,0,0,1,0,0,0,0,0,0,0,0,0,0.0,0.8076923076923077,0.19230769230769232,0.0,0.0,0.0,3.9790978911348045,3.4613201402110083,0.0,0.0,2.9219280948873623,0,0,0,1,10.0,10,3,5.333333333333333,10,-1,0,6,7,11,22
https://www.aoh61.com,21,13,0,0,5,3,3,2,0,0,2,0,0,0,0,0,0,0,0,0,0,0,0,0,2,14,5,0,1,0,0,0,1,0,0,0,0,0,0,0,0,0,0.09523809523809523,0.6666666666666666,0.23809523809523808,0.15384615384615385,0.0,0.0,3.689703732199547,3.0269868333592873,0.0,0.0,2.3219280948873626,0,0,0,1,5.0,5,3,3.6666666666666665,5,15,0,6,7,11,17
https://www.saffronart.com,26,18,0,0,10,3,3,2,0,0,2,0,0,0,0,0,0,0,0,0,0,0,0,0,0,21,5,0,1,0,0,0,1,0,0,0,0,0,0,0,0,0,0.0,0.8076923076923077,0.19230769230769232,0.0,0.0,0.0,3.796217602590056,3.350209029099897,0.0,0.0,2.721928094887362,0,0,0,1,10.0,10,3,5.333333333333333,10,-1,0,6,7,11,22
https://www.aap.org,19,11,0,0,3,3,3,2,0,0,2,0,0,0,0,0,0,0,0,0,0,0,0,0,0,14,5,0,1,0,0,0,1,0,0,0,0,0,0,0,0,0,0.0,0.7368421052631579,0.2631578947368421,0.0,0.0,0.0,3.4713544870139303,2.663532754804255,0.0,0.0,0.9182958340544896,0,0,0,1,3.0,3,3,3.0,3,-1,0,6,7,11,15
https://www.socialpolicy.org,28,20,0,0,12,3,3,2,0,0,2,0,0,0,0,0,0,0,0,0,0,0,0,0,0,23,5,0,1,0,0,0,1,0,0,0,0,0,0,0,0,0,0.0,0.8214285714285714,0.17857142857142858,0.0,0.0,0.0,3.896291529045928,3.446439344671015,0.0,0.0,2.918295834054489,0,0,0,1,12.0,12,3,6.0,12,-1,0,6,7,11,24
https://www.sfnmjournal.com,27,19,0,0,11,3,3,2,0,0,2,0,0,0,0,0,0,0,0,0,0,0,0,0,0,22,5,0,1,0,0,0,1,0,0,0,0,0,0,0,0,0,0.0,0.8148148148148148,0.18518518518518517,0.0,0.0,0.0,4.060262039120379,3.5766176449086675,0.0,0.0,3.2776134368191165,0,0,0,1,11.0,11,3,5.666666666666667,11,-1,0,6,7,11,23
https://www.religionenlibertad.com,34,26,0,0,18,3,3,2,0,0,2,0,0,0,0,0,0,0,0,0,0,0,0,0,0,29,5,0,1,0,0,0,1,0,0,0,0,0,0,0,0,0,0.0,0.8529411764705882,0.14705882352941177,0.0,0.0,0.0,4.175123135113461,3.7671834678914604,0.0,0.0,3.3082708345352603,0,0,0,1,18.0,18,3,8.0,18,-1,0,6,7,11,30
http://www.teramill.com,23,16,0,0,8,3,3,2,0,0,2,0,0,0,0,0,0,0,0,0,0,0,0,0,0,18,5,0,1,0,0,0,0,0,0,0,0,0,0,0,0,0,0.0,0.782608695652174,0.21739130434782608,0.0,0.0,0.0,3.7622673906514947,3.327819531114783,0.0,0.0,2.75,0,0,0,1,8.0,8,3,4.666666666666667,8,-1,0,5,6,10,19
https://www.globalreporting.org,31,23,0,0,15,3,3,2,0,0,2,0,0,0,0,0,0,0,0,0,0,0,0,0,0,26,5,0,1,0,0,0,1,0,0,0,0,0,0,0,0,0,0.0,0.8387096774193549,0.16129032258064516,0.0,0.0,0.0,3.9292144551992183,3.522711955680758,0.0,0.0,3.373557262275185,0,0,0,1,15.0,15,3,7.0,15,-1,0,6,7,11,27
https://www.voicefmradio.co.uk,30,22,0,0,12,3,5,3,0,0,2,0,0,0,0,0,0,0,0,0,0,0,0,0,0,24,6,0,1,0,0,0,1,0,0,0,0,0,0,0,0,0,0.0,0.8,0.2,0.0,0.0,0.0,4.164735178725505,3.6292196865240958,0.0,0.0,3.2516291673878226,0,0,0,1,12.0,12,4,4.75,12,-1,0,6,7,11,27
https://www.southbankmosaics.com,32,24,0,0,16,3,3,2,0,0,2,0,0,0,0,0,0,0,0,0,0,0,0,0,0,27,5,0,1,0,0,0,1,0,0,0,0,0,0,0,0,0,0.0,0.84375,0.15625,0.0,0.0,0.0,3.9292292966721747,3.6572682296173897,0.0,0.0,3.452819531114783,0,0,0,1,16.0,16,3,7.333333333333333,16,-1,0,6,7,11,28
https://www.uni-mainz.de,24,16,0,0,9,3,2,2,1,0,2,0,0,0,0,0,0,0,0,0,0,0,0,0,0,18,6,0,1,0,0,0,1,0,0,0,0,0,0,0,0,0,0.0,0.75,0.25,0.0,0.0,0.0,3.9701755214643453,3.327819531114783,0.0,0.0,2.725480556997868,0,0,0,2,4.0,5,4,3.25,5,-1,0,6,7,11,21
https://www.rewildingargentina.org,34,26,0,0,18,3,3,2,0,0,2,0,0,0,0,0,0,0,0,0,0,0,0,0,0,29,5,0,1,0,0,0,1,0,0,0,0,0,0,0,0,0,0.0,0.8529411764705882,0.14705882352941177,0.0,0.0,0.0,3.9176264438733592,3.430457025500558,0.0,0.0,3.197159723424149,0,0,0,1,18.0,18,3,8.0,18,-1,0,6,7,11,30
